{"pegasus": {"summac_zs": 0.47131131671369075, "summac_conv": 0.19814629916101695}, "bart": {"summac_zs": 0.26926025052787733, "summac_conv": 0.19487033873796464}}