{"pegasus": {"summac_zs_mean": 0.6027487826528793, "summac_conv_mean": 0.6389748299121857, "raw_zs": [0.8265018351376057, 0.9868893595412374, 0.5684589296579361, 0.9319511465728283, 0.6473243484894434, 0.3288947641849518, 0.5812350213527679, 0.4446153442064921, 0.7730937227606773, 0.5996421631425619, 0.7720810147002339, 0.4451022744178772, 0.6343701382478079, 0.09798622131347656, 0.8458291888237, 0.9764929618686438, 0.5299515724182129, 0.4687155783176422, 0.5500757098197937, 0.5826478575666746, 0.4708446239431699, 0.25245600938796997, 0.6930001005530357, 0.9605046212673187, 0.4574371079603831, 0.5492865294218063, 0.34378660619258883, 0.6558015197515488, 0.6330201625823975, 0.6418924331665039, 0.7029061019420624, 0.8823032006621361, 0.16998159885406494, 0.34349483251571655, 0.7922969038287798, 0.7346729338169098, 0.6604847187797228, 0.9351882312912494, 0.9319710247218609, 0.18528175354003906, 0.2862059275309245, 0.22137238581975302, 0.5149996081988016, 0.2864370495080948, 0.9331738315522671, 0.5434405654668808, 0.8358872905373573, 0.9864003206603229, 0.2087117830912272, 0.28017940123875934, 0.3697029948234558, 0.39682410657405853, 0.08812916278839111, 0.9891303002950735, 0.14773434400558472, 0.6860022246837616, 0.38907163590192795, 0.23495185375213623, 0.5961371064186096, 0.9228007420897484, 0.8044664412736893, 0.8518079817295074, 0.19369351863861084, 0.895805437117815, 0.6568629136309028, 0.10158662001291911, 0.29184188161577496, 0.8667362630367279, 0.4582950323820114, 0.6423748681942621, 0.3907509644826253, 0.9064397066831589, 0.7782773226499557, 0.6312051167090734, 0.16200684756040573, 0.6826071962714195, 0.9751259926706553, 0.47952473163604736, 0.826575880870223, 0.4372459203004837, 0.9897908330895007, 0.9857684718444943, 0.2799136241277059, 0.45537757128477097, 0.7963224742561579, 0.8017250522971153, 0.735657682021459, 0.8433493375778198, 0.8224253803491592, 0.4795968532562256, 0.43210456768671673, 0.6463643411795298, 0.9646389875560999, 0.7124617099761963, 0.6931396573781967, 0.5632508248090744, 0.6976687423884869, 0.6095243990421295, 0.8110504150390625, 0.41575390100479126], "raw_conv": [0.6322552561759949, 0.6599178910255432, 0.6515116095542908, 0.6599178910255432, 0.6154226660728455, 0.6180765628814697, 0.6202717423439026, 0.46329009532928467, 0.6390402913093567, 0.6388123631477356, 0.6336545348167419, 0.63495934009552, 0.6281286478042603, 0.656777024269104, 0.6515116095542908, 0.6599178910255432, 0.609632670879364, 0.6397979855537415, 0.6525676846504211, 0.6493306159973145, 0.6496105194091797, 0.656777024269104, 0.6517564058303833, 0.6557269096374512, 0.6440776586532593, 0.6515116095542908, 0.6115282773971558, 0.6311722993850708, 0.656777024269104, 0.6361297369003296, 0.6557269096374512, 0.6397979855537415, 0.6525676846504211, 0.6139592528343201, 0.6536222696304321, 0.63397216796875, 0.6506986618041992, 0.6665164232254028, 0.6588724851608276, 0.6367571353912354, 0.6136717796325684, 0.6158765554428101, 0.6275221109390259, 0.6520872116088867, 0.6557269096374512, 0.64118492603302, 0.6387246251106262, 0.6588724851608276, 0.6176846027374268, 0.612567663192749, 0.6483343839645386, 0.6344171762466431, 0.656777024269104, 0.6620041131973267, 0.5965313911437988, 0.6525676846504211, 0.6430099010467529, 0.6353479027748108, 0.6525676846504211, 0.6493949294090271, 0.6493949294090271, 0.6515116095542908, 0.6546753644943237, 0.6358129978179932, 0.6536222696304321, 0.5507795810699463, 0.6139925718307495, 0.6557269096374512, 0.6378079056739807, 0.6369597315788269, 0.6191747188568115, 0.6290025115013123, 0.6536222696304321, 0.6396507024765015, 0.598605215549469, 0.6430099010467529, 0.6414996981620789, 0.6331884264945984, 0.6379659175872803, 0.6462089419364929, 0.6599178910255432, 0.6599178910255432, 0.6322552561759949, 0.637206494808197, 0.656777024269104, 0.6379659175872803, 0.6365736126899719, 0.6440776586532593, 0.6546753644943237, 0.6414996981620789, 0.6440776586532593, 0.647617757320404, 0.6546753644943237, 0.6660760045051575, 0.6073562502861023, 0.6454571485519409, 0.6473896503448486, 0.6525676846504211, 0.6525676846504211, 0.6493949294090271]}, "bart": {"summac_zs_mean": 0.3214499679934233, "summac_conv_mean": 0.6476670134067536, "raw_zs": [0.19670157879590988, 0.10292035050224513, 0.17073862254619598, 0.9601681549102068, -0.212980717420578, 0.32272498309612274, 0.3163287043571472, -0.10449088923633099, 0.28709468245506287, 0.4500495731830597, 0.359351247549057, 0.7658311650156975, 0.2622467689216137, 0.727885372005403, 0.6112221032381058, 0.9589267587289214, -0.0416734516620636, -0.12752376372615495, 0.6286035180091858, 0.27817296981811523, 0.6253120005130768, 0.3575214520096779, 0.06124138832092285, 0.5253910040482879, 0.11682295799255371, -0.16461173817515373, 0.17929568886756897, 0.20337664584318796, 0.042602227069437504, 0.34854573011398315, 0.7951995693147182, -0.5604502335190773, 0.12134986370801926, 0.3268546640872955, 0.48255321756005287, 0.41287270188331604, -0.21015211939811707, 0.7391531760804355, 0.9179216492921114, -0.4239158481359482, -0.24783814325928688, 0.3410901501774788, 0.64961720071733, 0.07767516374588013, 0.9330687783658504, -0.13528141379356384, -0.1602083733305335, 0.6271750487697622, 0.016994953155517578, 0.17686593532562256, 0.7954393625259399, 0.3989005908370018, 0.934925040230155, 0.9876712973928079, 0.1739857718348503, 0.6675554513931274, 0.33931000530719757, 0.06455761194229126, 0.07349632680416107, 0.8401524387300014, 0.1347716748714447, 0.27882638014853, 0.2173120528459549, 0.49123370088636875, 0.13646747544407845, 0.1257543166478475, 0.30787378549575806, 0.47328996658325195, 0.3368077725172043, 0.7050931677222252, -0.24272428452968597, -0.14627771079540253, -0.2543371468782425, 0.9264020044356585, -0.19584342907182872, -0.43026455119252205, 0.8664203332737088, 0.27157491197188693, -0.13731074333190918, 0.3713599741458893, 0.4696619235910475, 0.08494528569281101, 0.22872719168663025, 0.3669916186481714, 0.6506794691085815, 0.6839295029640198, 0.8154795914888382, 0.5860422551631927, 0.47003353014588356, 0.13948558643460274, 0.675958588719368, -0.2248968631029129, 0.6463271267712116, 0.4516565278172493, 0.7226066291332245, 0.47609677631407976, 0.38601529598236084, 0.3974126912653446, 0.8288085907697678, -0.3117290958762169],